Distribution/Voting Rules,Power,Power,Gamma
plurality_rule,2.111218701337703,2.107639899420135,1.6321497499361695
borda_rule,1.0,1.0,1.0
