Distribution/Voting Rules,Normal,Gamma
plurality_rule,3.544341747039263,1.1273034763091103
borda_rule,3.4728317211857544,1.304658754106662
