Distribution,Uniform,Exponential,Geometric
plurality_rule,1.4254182693886044,1.318307940160101,1.3782521233885496
borda_rule,1.4254182693886044,1.2883416178928777,1.431310287873396
